-- MySQL dump 10.13  Distrib 8.0.32, for Win64 (x86_64)
--
-- Host: 3.38.152.66    Database: todaktodak
-- ------------------------------------------------------
-- Server version	8.0.32

/*!40101 SET @OLD_CHARACTER_SET_CLIENT=@@CHARACTER_SET_CLIENT */;
/*!40101 SET @OLD_CHARACTER_SET_RESULTS=@@CHARACTER_SET_RESULTS */;
/*!40101 SET @OLD_COLLATION_CONNECTION=@@COLLATION_CONNECTION */;
/*!50503 SET NAMES utf8mb4 */;
/*!40103 SET @OLD_TIME_ZONE=@@TIME_ZONE */;
/*!40103 SET TIME_ZONE='+00:00' */;
/*!40014 SET @OLD_UNIQUE_CHECKS=@@UNIQUE_CHECKS, UNIQUE_CHECKS=0 */;
/*!40014 SET @OLD_FOREIGN_KEY_CHECKS=@@FOREIGN_KEY_CHECKS, FOREIGN_KEY_CHECKS=0 */;
/*!40101 SET @OLD_SQL_MODE=@@SQL_MODE, SQL_MODE='NO_AUTO_VALUE_ON_ZERO' */;
/*!40111 SET @OLD_SQL_NOTES=@@SQL_NOTES, SQL_NOTES=0 */;

--
-- Table structure for table `baby`
--

DROP TABLE IF EXISTS `baby`;
/*!40101 SET @saved_cs_client     = @@character_set_client */;
/*!50503 SET character_set_client = utf8mb4 */;
CREATE TABLE `baby` (
  `baby_id` int NOT NULL,
  `baby_birth_day` int DEFAULT NULL,
  `baby_birth_month` int DEFAULT NULL,
  `baby_birth_year` int DEFAULT NULL,
  `baby_constellation` varchar(255) DEFAULT NULL,
  `baby_created_date` datetime(6) DEFAULT NULL,
  `baby_gender` varchar(255) DEFAULT NULL,
  `baby_image_url` varchar(255) DEFAULT NULL,
  `baby_name` varchar(255) DEFAULT NULL,
  `baby_nickname` varchar(255) DEFAULT NULL,
  `baby_updated_date` datetime(6) DEFAULT NULL,
  `baby_zodiak` varchar(255) DEFAULT NULL,
  `user_id` int DEFAULT NULL,
  PRIMARY KEY (`baby_id`),
  KEY `FKaeoy60lmwmcrk1qj955cdepvd` (`user_id`),
  CONSTRAINT `FKaeoy60lmwmcrk1qj955cdepvd` FOREIGN KEY (`user_id`) REFERENCES `user` (`user_id`)
) ENGINE=InnoDB DEFAULT CHARSET=utf8mb4 COLLATE=utf8mb4_0900_ai_ci;
/*!40101 SET character_set_client = @saved_cs_client */;

--
-- Dumping data for table `baby`
--

LOCK TABLES `baby` WRITE;
/*!40000 ALTER TABLE `baby` DISABLE KEYS */;
INSERT INTO `baby` VALUES (2,14,5,2022,'황소','2023-05-14 13:37:42.225390','M','https://todak-s3-free-bucket.s3.ap-northeast-2.amazonaws.com/e7d57fd2-3f6e-412c-b391-ccc473aa16cb','김민준','히','2023-05-15 10:18:53.057740','호랑이',1),(5,14,5,2023,'-','2023-05-14 14:36:49.052106','X','https://todak-s3-free-bucket.s3.ap-northeast-2.amazonaws.com/baby_default_image/s3_default_baby.jpg','이름','별명','2023-05-14 14:36:49.052106','-',4),(13,15,5,2023,'-','2023-05-15 10:50:48.030758','X','https://todak-s3-free-bucket.s3.ap-northeast-2.amazonaws.com/baby_default_image/s3_default_baby.jpg','이름','별명','2023-05-15 10:50:48.030758','-',12),(14,18,5,2023,'-','2023-05-18 09:25:38.458159','X','https://todak-s3-free-bucket.s3.ap-northeast-2.amazonaws.com/baby_default_image/s3_default_baby.jpg','이름','별명','2023-05-18 09:25:38.458159','-',13),(17,15,5,2023,'-','2023-05-15 13:26:30.184383','X','https://todak-s3-free-bucket.s3.ap-northeast-2.amazonaws.com/baby_default_image/s3_default_baby.jpg','이름','별명','2023-05-15 13:26:30.184383','-',16);
/*!40000 ALTER TABLE `baby` ENABLE KEYS */;
UNLOCK TABLES;

--
-- Table structure for table `cry`
--

DROP TABLE IF EXISTS `cry`;
/*!40101 SET @saved_cs_client     = @@character_set_client */;
/*!50503 SET character_set_client = utf8mb4 */;
CREATE TABLE `cry` (
  `cry_id` int NOT NULL,
  `cry_created_date` datetime(6) DEFAULT NULL,
  `cry_end_date` datetime(6) DEFAULT NULL,
  `cry_start_date` datetime(6) DEFAULT NULL,
  `cryTime` bigint DEFAULT NULL,
  `cry_updated_date` datetime(6) DEFAULT NULL,
  `baby_id` int DEFAULT NULL,
  PRIMARY KEY (`cry_id`),
  KEY `FKqj05x75hgf10c1nsnijnlih4b` (`baby_id`),
  CONSTRAINT `FKqj05x75hgf10c1nsnijnlih4b` FOREIGN KEY (`baby_id`) REFERENCES `baby` (`baby_id`)
) ENGINE=InnoDB DEFAULT CHARSET=utf8mb4 COLLATE=utf8mb4_0900_ai_ci;
/*!40101 SET character_set_client = @saved_cs_client */;

--
-- Dumping data for table `cry`
--

LOCK TABLES `cry` WRITE;
/*!40000 ALTER TABLE `cry` DISABLE KEYS */;
INSERT INTO `cry` VALUES (1,'2023-05-16 14:53:56.588795','2023-05-16 14:53:56.524000','2023-05-16 14:53:48.883000',7,'2023-05-16 14:53:56.588795',5),(2,'2023-05-16 14:56:33.093488','2023-05-16 14:56:33.072000','2023-05-16 14:56:24.463000',8,'2023-05-16 14:56:33.093488',5),(3,'2023-05-16 14:57:18.650938','2023-05-16 14:57:18.631000','2023-05-16 14:57:09.517000',9,'2023-05-16 14:57:18.650938',5),(4,'2023-05-17 13:07:47.405135','2023-05-17 13:07:47.341000','2023-05-17 13:07:37.549000',9,'2023-05-17 13:07:47.405135',5),(5,'2023-05-17 13:45:02.008550','2023-05-17 13:45:01.878000','2023-05-17 13:44:53.275000',8,'2023-05-17 13:45:02.008550',5),(6,'2023-05-17 13:47:36.799796','2023-05-17 13:47:36.720000','2023-05-17 13:47:27.336000',9,'2023-05-17 13:47:36.799796',5),(7,'2023-05-17 13:58:28.655851','2023-05-17 13:58:28.606000','2023-05-17 13:58:18.903000',9,'2023-05-17 13:58:28.655851',5),(8,'2023-05-17 13:58:54.023388','2023-05-17 13:58:53.973000','2023-05-17 13:58:45.323000',8,'2023-05-17 13:58:54.023388',5),(9,'2023-05-17 14:04:51.433232','2023-05-17 14:04:51.409000','2023-05-17 14:04:43.653000',7,'2023-05-17 14:04:51.433232',5),(10,'2023-05-15 09:30:00.894764','2023-05-15 09:30:01.082000','2023-05-15 09:29:52.493000',8,'2023-05-15 09:30:00.894764',2),(11,'2023-05-15 09:42:55.468126','2023-05-15 09:42:55.380000','2023-05-15 09:42:46.241000',9,'2023-05-15 09:42:55.468126',2),(15,'2023-05-15 11:29:15.247410','2023-05-15 11:29:15.188000','2023-05-15 11:29:06.028000',9,'2023-05-15 11:29:15.247410',5),(16,'2023-05-18 11:55:20.111096','2023-05-18 11:55:20.069000','2023-05-18 11:55:11.962000',8,'2023-05-18 11:55:20.111096',14),(17,'2023-05-18 11:59:58.306080','2023-05-18 11:59:58.294000','2023-05-18 11:59:50.688000',7,'2023-05-18 11:59:58.306080',14),(18,'2023-05-18 12:09:34.227262','2023-05-18 12:09:34.166000','2023-05-18 12:09:25.556000',8,'2023-05-18 12:09:34.227262',14),(19,'2023-05-15 13:44:02.348284','2023-05-15 13:44:02.255000','2023-05-15 13:43:54.622000',7,'2023-05-15 13:44:02.348284',5),(20,'2023-05-15 13:44:29.734535','2023-05-15 13:44:29.706000','2023-05-15 13:44:20.103000',9,'2023-05-15 13:44:29.734535',5),(21,'2023-05-15 14:00:36.350395','2023-05-15 14:00:36.246000','2023-05-15 14:00:27.136000',9,'2023-05-15 14:00:36.350395',5),(22,'2023-05-15 14:01:07.639868','2023-05-15 14:01:07.613000','2023-05-15 14:00:57.493000',10,'2023-05-15 14:01:07.639868',5),(23,'2023-05-15 14:05:33.251148','2023-05-15 14:05:33.142000','2023-05-15 14:05:20.499000',12,'2023-05-15 14:05:33.251148',5),(24,'2023-05-15 14:07:30.496910','2023-05-15 14:07:30.438000','2023-05-15 14:07:14.415000',16,'2023-05-15 14:07:30.496910',5),(25,'2023-05-15 14:08:06.141357','2023-05-15 14:08:06.104000','2023-05-15 14:07:54.956000',11,'2023-05-15 14:08:06.141357',5),(26,'2023-05-15 14:20:21.625975','2023-05-15 14:20:21.486000','2023-05-15 14:20:13.850000',7,'2023-05-15 14:20:21.625975',5),(27,'2023-05-15 14:30:54.677108','2023-05-15 14:30:54.580000','2023-05-15 14:30:46.993000',7,'2023-05-15 14:30:54.677108',5),(28,'2023-05-15 14:32:28.839063','2023-05-15 14:32:28.813000','2023-05-15 14:32:20.715000',8,'2023-05-15 14:32:28.839063',5),(29,'2023-05-15 14:42:04.297612','2023-05-15 14:42:04.230000','2023-05-15 14:41:52.085000',12,'2023-05-15 14:42:04.297612',5),(30,'2023-05-15 14:43:01.997171','2023-05-15 14:43:01.952000','2023-05-15 14:42:53.814000',8,'2023-05-15 14:43:01.997171',5),(31,'2023-05-15 14:44:01.855887','2023-05-15 14:44:01.823000','2023-05-15 14:43:53.215000',8,'2023-05-15 14:44:01.855887',5),(32,'2023-05-15 14:48:15.827907','2023-05-15 14:48:15.810000','2023-05-15 14:48:06.700000',9,'2023-05-15 14:48:15.827907',5),(33,'2023-05-15 14:48:55.913279','2023-05-15 14:48:55.895000','2023-05-15 14:48:47.295000',8,'2023-05-15 14:48:55.913279',5),(34,'2023-05-15 14:49:25.800597','2023-05-15 14:49:25.773000','2023-05-15 14:49:17.147000',8,'2023-05-15 14:49:25.800597',5),(35,'2023-05-15 15:10:41.053559','2023-05-15 15:10:40.990000','2023-05-15 15:10:32.276000',8,'2023-05-15 15:10:41.053559',5),(36,'2023-05-15 15:11:36.827778','2023-05-15 15:11:36.806000','2023-05-15 15:11:28.629000',8,'2023-05-15 15:11:36.827778',5),(37,'2023-05-15 15:13:17.754556','2023-05-15 15:13:17.730000','2023-05-15 15:13:10.120000',7,'2023-05-15 15:13:17.754556',5),(38,'2023-05-15 15:14:34.279598','2023-05-15 15:14:34.173000','2023-05-15 15:14:24.543000',9,'2023-05-15 15:14:34.279598',5),(39,'2023-05-15 15:19:29.641311','2023-05-15 15:19:29.616000','2023-05-15 15:19:21.518000',8,'2023-05-15 15:19:29.641311',5),(40,'2023-05-15 15:37:36.777312','2023-05-15 15:37:36.703000','2023-05-15 15:37:28.075000',8,'2023-05-15 15:37:36.777312',5),(41,'2023-05-15 15:51:52.706307','2023-05-15 15:51:52.632000','2023-05-15 15:51:43.988000',8,'2023-05-15 15:51:52.706307',5),(42,'2023-05-15 16:08:35.935521','2023-05-15 16:08:35.886000','2023-05-15 16:08:27.804000',8,'2023-05-15 16:08:35.935521',5),(43,'2023-05-15 16:45:34.522723','2023-05-15 16:45:34.438000','2023-05-15 16:45:12.986000',21,'2023-05-15 16:45:34.522723',5),(44,'2023-05-15 16:45:34.522723','2023-05-15 16:45:34.438000','2023-05-15 16:45:12.986000',21,'2023-05-15 16:45:34.522723',5),(45,'2023-05-15 16:45:34.522723','2023-05-15 16:45:34.522723','2023-05-15 16:45:12.986000',21,'2023-05-15 16:45:34.522723',5),(46,'2023-05-15 16:45:34.522723','2023-05-15 16:45:34.522723','2023-05-15 16:45:12.986000',21,'2023-05-15 16:45:34.522723',5),(47,'2023-05-15 16:45:34.522723','2023-05-15 16:45:34.522723','2023-05-15 16:45:12.986000',21,'2023-05-15 16:45:34.522723',5),(48,'2023-05-15 16:45:34.522723','2023-05-15 16:45:34.522723','2023-05-15 16:45:12.986000',21,'2023-05-15 16:45:34.522723',5),(49,'2023-05-15 16:45:12.986000','2023-05-15 16:45:34.522723','2023-05-15 16:45:12.986000',21,'2023-05-15 16:45:34.522723',5),(50,'2023-05-14 16:45:12.986000','2023-05-14 16:45:34.522723','2023-05-14 16:45:12.986000',21,'2023-05-14 16:45:34.522723',5),(51,'2023-05-14 16:45:12.986000','2023-05-14 16:45:34.522723','2023-05-14 16:45:12.986000',21,'2023-05-14 16:45:34.522723',5),(52,'2023-05-14 16:45:12.986000','2023-05-14 16:45:34.522723','2023-05-14 16:45:12.986000',21,'2023-05-14 16:45:34.522723',5),(53,'2023-05-14 16:45:12.986000','2023-05-14 16:45:34.522723','2023-05-14 16:45:12.986000',21,'2023-05-14 16:45:34.522723',5),(54,'2023-05-14 16:45:12.986000','2023-05-14 16:45:34.522723','2023-05-14 16:45:12.986000',21,'2023-05-14 16:45:34.522723',5),(55,'2023-05-13 16:45:12.986000','2023-05-13 16:45:34.522723','2023-05-13 16:45:12.986000',21,'2023-05-13 16:45:34.522723',5),(56,'2023-05-13 16:45:12.986000','2023-05-13 16:45:34.522723','2023-05-13 16:45:12.986000',21,'2023-05-13 16:45:34.522723',5),(57,'2023-05-13 16:45:12.986000','2023-05-13 16:45:34.522723','2023-05-13 16:45:12.986000',21,'2023-05-13 16:45:34.522723',5),(58,'2023-05-12 16:45:12.986000','2023-05-12 16:45:34.522723','2023-05-12 16:45:12.986000',21,'2023-05-12 16:45:34.522723',5),(59,'2023-05-12 16:45:12.986000','2023-05-12 16:45:34.522723','2023-05-12 16:45:12.986000',21,'2023-05-12 16:45:34.522723',5),(60,'2023-05-11 16:45:12.986000','2023-05-11 16:45:34.522723','2023-05-11 16:45:12.986000',21,'2023-05-11 16:45:34.522723',5);
/*!40000 ALTER TABLE `cry` ENABLE KEYS */;
UNLOCK TABLES;

--
-- Table structure for table `device`
--

DROP TABLE IF EXISTS `device`;
/*!40101 SET @saved_cs_client     = @@character_set_client */;
/*!50503 SET character_set_client = utf8mb4 */;
CREATE TABLE `device` (
  `device_id` int NOT NULL,
  `device_connection_id` varchar(255) DEFAULT NULL,
  `device_created_date` datetime(6) DEFAULT NULL,
  `device_serial_number` varchar(255) DEFAULT NULL,
  `device_session_id` varchar(255) DEFAULT NULL,
  `device_updated_date` datetime(6) DEFAULT NULL,
  `baby_id` int DEFAULT NULL,
  PRIMARY KEY (`device_id`),
  KEY `FKd2ryrecsovvlxhw4169kvi4gn` (`baby_id`),
  CONSTRAINT `FKd2ryrecsovvlxhw4169kvi4gn` FOREIGN KEY (`baby_id`) REFERENCES `baby` (`baby_id`)
) ENGINE=InnoDB DEFAULT CHARSET=utf8mb4 COLLATE=utf8mb4_0900_ai_ci;
/*!40101 SET character_set_client = @saved_cs_client */;

--
-- Dumping data for table `device`
--

LOCK TABLES `device` WRITE;
/*!40000 ALTER TABLE `device` DISABLE KEYS */;
INSERT INTO `device` VALUES (3,'con_OjfRA02vFH','2023-05-14 13:37:42.225390','todak2','todaktodak1002','2023-05-15 13:26:30.184383',2),(6,NULL,'2023-05-14 14:36:49.052106','todak5','todaktodak1005','2023-05-15 13:26:30.184383',5),(9,'con_By804tlY9j','2023-05-14 19:59:37.569019','todak13','todaktodak1013','2023-05-18 10:44:09.731195',13),(15,'con_JFf3cE37fn','2023-05-18 09:25:38.493981','todak14','todaktodak1014','2023-05-18 13:20:09.328317',14),(18,'con_ERS6iloXFS','2023-05-15 13:26:30.184383','todak17','todaktodak1017','2023-05-15 13:26:30.184383',17);
/*!40000 ALTER TABLE `device` ENABLE KEYS */;
UNLOCK TABLES;

--
-- Table structure for table `hibernate_sequence`
--

DROP TABLE IF EXISTS `hibernate_sequence`;
/*!40101 SET @saved_cs_client     = @@character_set_client */;
/*!50503 SET character_set_client = utf8mb4 */;
CREATE TABLE `hibernate_sequence` (
  `next_val` bigint DEFAULT NULL
) ENGINE=InnoDB DEFAULT CHARSET=utf8mb4 COLLATE=utf8mb4_0900_ai_ci;
/*!40101 SET character_set_client = @saved_cs_client */;

--
-- Dumping data for table `hibernate_sequence`
--

LOCK TABLES `hibernate_sequence` WRITE;
/*!40000 ALTER TABLE `hibernate_sequence` DISABLE KEYS */;
INSERT INTO `hibernate_sequence` VALUES (21);
/*!40000 ALTER TABLE `hibernate_sequence` ENABLE KEYS */;
UNLOCK TABLES;

--
-- Table structure for table `user`
--

DROP TABLE IF EXISTS `user`;
/*!40101 SET @saved_cs_client     = @@character_set_client */;
/*!50503 SET character_set_client = utf8mb4 */;
CREATE TABLE `user` (
  `user_id` int NOT NULL,
  `fcm_key` varchar(255) DEFAULT NULL,
  `user_created_date` datetime(6) DEFAULT NULL,
  `user_email` varchar(255) DEFAULT NULL,
  `user_image_url` varchar(255) DEFAULT NULL,
  `user_nickname` varchar(255) DEFAULT NULL,
  `user_role` varchar(255) DEFAULT NULL,
  `user_updated_date` datetime(6) DEFAULT NULL,
  PRIMARY KEY (`user_id`)
) ENGINE=InnoDB DEFAULT CHARSET=utf8mb4 COLLATE=utf8mb4_0900_ai_ci;
/*!40101 SET character_set_client = @saved_cs_client */;

--
-- Dumping data for table `user`
--

LOCK TABLES `user` WRITE;
/*!40000 ALTER TABLE `user` DISABLE KEYS */;
INSERT INTO `user` VALUES (1,'e6YEvmt-Ku27W_BLSxURK-:APA91bELh-epQSQyKzWKAzxNmR2XFAWIgoi7re-EscY8fjrJfNnSeZBMoWA7CfCjUi5atLwWXJmVNwb62CJoE5RxQd-LJE17v_bqgYSkxHuK3oPsrHaWu-oLcyC2PVmEnyMkhOHKik8J','2023-05-14 13:37:42.048565','min95913@naver.com','http://k.kakaocdn.net/dn/bRS9Gk/btse96fbD1X/VhOqLRgaEEKzeHmOxzSca1/img_640x640.jpg','김민준','USER','2023-05-17 20:26:49.570485'),(4,'eGzpmU_JxtkuXSlwDWRVrN:APA91bEGv7u7ZpZBmWB0Evd9w9JzIoZ-lu134XOoP-NHUEx8vtyjmdoh8bIDTrYDqnyXf5X0gNoYFpTdWuAXCLPgLgNAxgYZGNBR3wWr4QeyQPvg3nRdd8wd45TKq7y8cZV0-Va87uMO','2023-05-14 14:36:49.033126','foreverdunk@naver.com','http://k.kakaocdn.net/dn/xl5MO/btqEKP0Dz6o/30oLzvIYE8FTwWciafkeUK/img_640x640.jpg','김관섭','USER','2023-05-17 01:38:09.680115'),(12,'dQ8k2b62q8WnBoV6ddNdn9:APA91bHjab3GTCupWv_fiogb7GD9Ydymh2pQ3BNkYd90b1bp9imU6O2QAesWRu906Ml9Q-TFNe6tEK_64ShTL45q8MZR3v2xjk5hlAjfuTW3s2RB_xoYUJaM4umE1fo8OhHhbMUwT4np','2023-05-15 10:50:47.818081','eom9300@hanmail.net','http://k.kakaocdn.net/dn/dpk9l1/btqmGhA2lKL/Oz0wDuJn1YV2DIn92f6DVK/img_640x640.jpg','엄희원','USER','2023-05-18 08:46:26.841325'),(13,'ddO6rRtXDhVpceovXKT4ad:APA91bG0ySNJqNVMAd34j5Dp75RdpSYL16by2bza0XQhqMMPlULVKW-n6j9uql8iXTSH9sZESg8EaZiFPmcjSMJIQMlvHzlZ8edpQBV4tdk-Sa1ZbUegrRw6M9RF8CqrlbmYVNLHRwdB','2023-05-18 09:25:38.390891','powerjjh95@kakao.com','http://k.kakaocdn.net/dn/dpk9l1/btqmGhA2lKL/Oz0wDuJn1YV2DIn92f6DVK/img_640x640.jpg','장준호','USER','2023-05-18 12:09:01.773195'),(16,'fRfNSfGCOkiRx9fujdZGCv:APA91bH2RG-aebvHXf3HfSbMe-jmWWuBeIbXi9LsWk_evPgCTYHl8qoj5QyQywuwilWhvjPPFh0qENe7my2DIFsLhoDMGQKUwvWWNPVeyI27Kyf0-NEkNTg80p_NjX8TDLTXVLCdGuzg','2023-05-15 13:26:30.106005','isakqwer@kakao.com','http://k.kakaocdn.net/dn/V5ssh/btr9dYL2hqL/xlDWr5nbw7DPukIsWtivUK/img_640x640.jpg','이삭','USER','2023-05-15 13:29:49.561958');
/*!40000 ALTER TABLE `user` ENABLE KEYS */;
UNLOCK TABLES;
/*!40103 SET TIME_ZONE=@OLD_TIME_ZONE */;

/*!40101 SET SQL_MODE=@OLD_SQL_MODE */;
/*!40014 SET FOREIGN_KEY_CHECKS=@OLD_FOREIGN_KEY_CHECKS */;
/*!40014 SET UNIQUE_CHECKS=@OLD_UNIQUE_CHECKS */;
/*!40101 SET CHARACTER_SET_CLIENT=@OLD_CHARACTER_SET_CLIENT */;
/*!40101 SET CHARACTER_SET_RESULTS=@OLD_CHARACTER_SET_RESULTS */;
/*!40101 SET COLLATION_CONNECTION=@OLD_COLLATION_CONNECTION */;
/*!40111 SET SQL_NOTES=@OLD_SQL_NOTES */;

-- Dump completed on 2023-05-18 13:40:43
